1,September,22,2017,Friday,20
2,September,22,2017,Friday,20
3,September,22,2017,Friday,20
2,September,22,2017,Friday,20
6,September,22,2017,Friday,20
5,September,23,2017,Saturday,16
2,September,23,2017,Saturday,16
5,September,23,2017,Saturday,16
3,September,23,2017,Saturday,16
3,September,23,2017,Saturday,16
6,September,23,2017,Saturday,16
4,September,23,2017,Saturday,16
6,September,23,2017,Saturday,16
2,September,23,2017,Saturday,16
[A6,September,23,2017,Saturday,16
3,September,23,2017,Saturday,16
1,September,23,2017,Saturday,16
5,September,23,2017,Saturday,16
6,September,23,2017,Saturday,16
4,September,23,2017,Saturday,17
3,September,23,2017,Saturday,17
2,September,23,2017,Saturday,17
6,September,23,2017,Saturday,17
2,September,23,2017,Saturday,17
3,September,23,2017,Saturday,17
4,September,23,2017,Saturday,13
6,September,23,2017,Saturday,13
1,September,23,2017,Saturday,13
5,September,23,2017,Saturday,13
2,September,23,2017,Saturday,13
6,September,23,2017,Saturday,13
4,September,23,2017,Saturday,13
6,September,23,2017,Saturday,13
5,September,23,2017,Saturday,13
1,September,23,2017,Saturday,13
5,September,23,2017,Saturday,14
3,September,23,2017,Saturday,14
2,September,23,2017,Saturday,14
3,September,23,2017,Saturday,14
3,September,23,2017,Saturday,14
5,September,23,2017,Saturday,14
2,September,23,2017,Saturday,14
2,September,23,2017,Saturday,14
5,September,23,2017,Saturday,14
2,September,23,2017,Saturday,14
1,September,23,2017,Saturday,14
1,September,23,2017,Saturday,14
1,September,23,2017,Saturday,14
1,September,23,2017,Saturday,14
1,September,23,2017,Saturday,14
3,September,23,2017,Saturday,14
3,September,23,2017,Saturday,14
1,September,23,2017,Saturday,14
3,September,23,2017,Saturday,14
1,September,23,2017,Saturday,14
2,September,23,2017,Saturday,14
3,September,23,2017,Saturday,14
5,September,23,2017,Saturday,14
2,September,23,2017,Saturday,14
4,September,23,2017,Saturday,14
2,September,23,2017,Saturday,14
5,September,23,2017,Saturday,16
4,September,23,2017,Saturday,16
1,September,23,2017,Saturday,16
4,September,23,2017,Saturday,16
1,September,23,2017,Saturday,16
5,September,23,2017,Saturday,16
1,September,23,2017,Saturday,16
6,September,23,2017,Saturday,16
3,September,23,2017,Saturday,17
2,September,23,2017,Saturday,17
4,September,23,2017,Saturday,17
3,September,23,2017,Saturday,17
1,September,23,2017,Saturday,17
3,September,23,2017,Saturday,17
2,September,23,2017,Saturday,17
4,September,23,2017,Saturday,17
4,September,23,2017,Saturday,17
7,September,23,2017,Saturday,17
4,September,23,2017,Saturday,17
3,September,23,2017,Saturday,18
5,September,23,2017,Saturday,18
3,September,23,2017,Saturday,18
2,September,23,2017,Saturday,18
6,September,23,2017,Saturday,18
3,September,23,2017,Saturday,19
3,September,23,2017,Saturday,19
September,23,2017,Saturday,19
2,September,23,2017,Saturday,20
3,September,23,2017,Saturday,20
4,September,23,2017,Saturday,21
5,September,23,2017,Saturday,21
2,September,23,2017,Saturday,21
2,September,23,2017,Saturday,21
4,September,23,2017,Saturday,21
1,September,23,2017,Saturday,21
4,September,23,2017,Saturday,21
3,September,24,2017,Sunday,07
4,September,24,2017,Sunday,07
2,September,24,2017,Sunday,07
2,September,24,2017,Sunday,07
3,September,24,2017,Sunday,07
2,September,24,2017,Sunday,08
3,September,24,2017,Sunday,08
3,September,24,2017,Sunday,08
4,September,24,2017,Sunday,08
3,September,24,2017,Sunday,08
2,September,24,2017,Sunday,09
3,September,24,2017,Sunday,09
4,September,24,2017,Sunday,09
2,September,24,2017,Sunday,09
1,September,24,2017,Sunday,09
2,September,24,2017,Sunday,10
3=,September,24,2017,Sunday,10
-3,September,24,2017,Sunday,10
3,September,24,2017,Sunday,10
3,September,24,2017,Sunday,10
2,September,24,2017,Sunday,10
2,September,24,2017,Sunday,10
2,September,24,2017,Sunday,10
3,September,24,2017,Sunday,11
2,September,24,2017,Sunday,11
2,September,24,2017,Sunday,11
2,September,24,2017,Sunday,13
4,September,24,2017,Sunday,13
2,September,24,2017,Sunday,14
3,September,24,2017,Sunday,14
2,September,24,2017,Sunday,16
3,September,24,2017,Sunday,16
4,September,24,2017,Sunday,16
1,September,24,2017,Sunday,16
3,September,24,2017,Sunday,16
2,September,24,2017,Sunday,16
2,September,24,2017,Sunday,17
3,September,24,2017,Sunday,17
2,September,24,2017,Sunday,17
1,September,24,2017,Sunday,20
2,September,25,2017,Monday,07
4,September,25,2017,Monday,08
2,September,25,2017,Monday,09
1,September,25,2017,Monday,18
2,September,25,2017,Monday,20
2,September,26,2017,Tuesday,08
1,September,26,2017,Tuesday,08
5,September,26,2017,Tuesday,08
2,September,26,2017,Tuesday,08
2,September,26,2017,Tuesday,08
4,September,26,2017,Tuesday,08
1,September,26,2017,Tuesday,08
1,September,26,2017,Tuesday,08
1,September,26,2017,Tuesday,08
1,September,26,2017,Tuesday,09
2,September,26,2017,Tuesday,18
4,September,26,2017,Tuesday,20
1,September,27,2017,Wednesday,06
2,September,27,2017,Wednesday,06
3,September,27,2017,Wednesday,06
6,September,27,2017,Wednesday,06
1,September,27,2017,Wednesday,06
1,September,27,2017,Wednesday,06
3,September,27,2017,Wednesday,06
2,September,27,2017,Wednesday,06
6,September,27,2017,Wednesday,06
3,September,27,2017,Wednesday,10
1,September,27,2017,Wednesday,10
3,September,27,2017,Wednesday,10
-3,September,27,2017,Wednesday,18
[C4,September,27,2017,Wednesday,19
4,September,27,2017,Wednesday,19
2,September,28,2017,Thursday,07
4,September,28,2017,Thursday,07
3,September,28,2017,Thursday,07
55,September,28,2017,Thursday,07
5,September,28,2017,Thursday,07
6,September,28,2017,Thursday,07
22,September,28,2017,Thursday,07
1,September,28,2017,Thursday,07
2,September,28,2017,Thursday,07
4,September,28,2017,Thursday,07
2,September,28,2017,Thursday,08
6,September,28,2017,Thursday,08
6,September,28,2017,Thursday,08
2,September,28,2017,Thursday,08
1,September,28,2017,Thursday,17
3,September,28,2017,Thursday,17
3,September,28,2017,Thursday,17
1,September,29,2017,Friday,06
3,September,29,2017,Friday,06
2,September,29,2017,Friday,06
2,September,29,2017,Friday,06
6,September,29,2017,Friday,06
3,September,29,2017,Friday,06
1,September,29,2017,Friday,06
2,September,29,2017,Friday,11
2,September,29,2017,Friday,12
2,September,29,2017,Friday,18
2,September,30,2017,Saturday,08
[A2,September,30,2017,Saturday,08
1,September,30,2017,Saturday,08
3,September,30,2017,Saturday,08
1,September,30,2017,Saturday,08
1,September,30,2017,Saturday,08
1,September,30,2017,Saturday,08
1,September,30,2017,Saturday,15
3,September,30,2017,Saturday,15
3,September,30,2017,Saturday,19
2,October,02,2017,Monday,06
1,October,02,2017,Monday,06
1,October,02,2017,Monday,06
4,October,02,2017,Monday,06
1,October,02,2017,Monday,06
6,October,02,2017,Monday,06
1,October,02,2017,Monday,06
3,October,02,2017,Monday,07
3,October,02,2017,Monday,08
3,October,02,2017,Monday,08
3,October,02,2017,Monday,09
2,October,02,2017,Monday,09
2,October,02,2017,Monday,17
3,October,02,2017,Monday,18
2,October,02,2017,Monday,18
3,October,02,2017,Monday,18
2,October,02,2017,Monday,18
4,October,02,2017,Monday,18
1,October,02,2017,Monday,18
2,October,03,2017,Tuesday,07
1,October,03,2017,Tuesday,07
2,October,03,2017,Tuesday,07
5,October,03,2017,Tuesday,07
4,October,03,2017,Tuesday,07
3,October,03,2017,Tuesday,07
6,October,03,2017,Tuesday,07
2,October,03,2017,Tuesday,07
5,October,03,2017,Tuesday,07
1,October,03,2017,Tuesday,07
2,October,03,2017,Tuesday,07
1,October,03,2017,Tuesday,08
1,October,03,2017,Tuesday,09
3,October,03,2017,Tuesday,09
1,October,04,2017,Wednesday,10
2,October,04,2017,Wednesday,10
5,October,04,2017,Wednesday,10
3,October,04,2017,Wednesday,10
2,October,04,2017,Wednesday,10
1,October,04,2017,Wednesday,10
6,October,04,2017,Wednesday,10
2,October,04,2017,Wednesday,10
1,October,04,2017,Wednesday,10
2,October,05,2017,Thursday,07
1,October,05,2017,Thursday,07
3,October,05,2017,Thursday,07
1,October,05,2017,Thursday,07
2,October,05,2017,Thursday,07
5,October,05,2017,Thursday,07
6,October,05,2017,Thursday,07
1,October,05,2017,Thursday,07
1,October,05,2017,Thursday,07
2,October,05,2017,Thursday,07
1,October,05,2017,Thursday,07
4,October,05,2017,Thursday,07
1,October,05,2017,Thursday,07
3,October,05,2017,Thursday,07
2,October,06,2017,Friday,08
1,October,06,2017,Friday,08
2,October,06,2017,Friday,08
1,October,06,2017,Friday,08
5,October,06,2017,Friday,08
4,October,06,2017,Friday,08
7,October,06,2017,Friday,08
1,October,06,2017,Friday,08
3,October,09,2017,Monday,07
2,October,09,2017,Monday,07
1,October,09,2017,Monday,07
2,October,09,2017,Monday,07
4,October,09,2017,Monday,07
66,October,09,2017,Monday,07
6,October,09,2017,Monday,07
4,October,09,2017,Monday,07
1,October,09,2017,Monday,07
2,October,10,2017,Tuesday,07
1,October,10,2017,Tuesday,07
3,October,10,2017,Tuesday,07
2,October,10,2017,Tuesday,07
5,October,10,2017,Tuesday,07
1,October,10,2017,Tuesday,07
2,October,11,2017,Wednesday,08
3,October,11,2017,Wednesday,08
1,October,11,2017,Wednesday,08
76,October,11,2017,Wednesday,08
4,October,11,2017,Wednesday,08
3,October,11,2017,Wednesday,10
1,October,11,2017,Wednesday,10
1,October,11,2017,Wednesday,10
2,October,11,2017,Wednesday,17
1,October,11,2017,Wednesday,17
3,October,11,2017,Wednesday,17
1,October,12,2017,Thursday,08
2,October,12,2017,Thursday,08
5,October,12,2017,Thursday,08
1,October,12,2017,Thursday,08
2,October,12,2017,Thursday,17
4,October,12,2017,Thursday,17
1,October,15,2017,Sunday,12
2,October,15,2017,Sunday,12
1,October,15,2017,Sunday,12
4,October,15,2017,Sunday,12
2,October,15,2017,Sunday,12
2,October,16,2017,Monday,09
1,October,16,2017,Monday,09
4,October,16,2017,Monday,09
1,October,16,2017,Monday,09
2,October,17,2017,Tuesday,09
1,October,17,2017,Tuesday,09
1,October,17,2017,Tuesday,09
3,October,17,2017,Tuesday,09
6,October,17,2017,Tuesday,09
2,October,17,2017,Tuesday,09
1,October,20,2017,Friday,07
2,October,20,2017,Friday,07
5,October,20,2017,Friday,07
2,October,20,2017,Friday,07
2,October,21,2017,Saturday,12
2,October,25,2017,Wednesday,09
1,October,25,2017,Wednesday,09
4,October,25,2017,Wednesday,09
3,October,25,2017,Wednesday,09
2,October,25,2017,Wednesday,09
2,October,25,2017,Wednesday,09
October,26,2017,Thursday,18
1,October,26,2017,Thursday,18
2,October,29,2017,Sunday,18
December,09,2017,Saturday,17
8,December,09,2017,Saturday,17
8,December,09,2017,Saturday,17
4,December,09,2017,Saturday,17
4,December,09,2017,Saturday,18
4,December,09,2017,Saturday,18
7,December,09,2017,Saturday,18
5,December,09,2017,Saturday,18
4263,December,09,2017,Saturday,18
4263,December,09,2017,Saturday,20
4263,December,09,2017,Saturday,20
breadstick,December,10,2017,Sunday,17
December,10,2017,Sunday,17
help,December,10,2017,Sunday,17
6,December,10,2017,Sunday,17
8,December,10,2017,Sunday,17
5,December,11,2017,Monday,11
exit,December,11,2017,Monday,11
7,December,11,2017,Monday,11
8,December,11,2017,Monday,11
what,is,this,all,about,December,11,2017,Monday,11
0,December,11,2017,Monday,11
999,December,11,2017,Monday,11
^12,December,11,2017,Monday,11
,December,11,2017,Monday,11
December,11,2017,Monday,11
+864,December,11,2017,Monday,11
6543654365486436514,December,11,2017,Monday,11
3654,December,11,2017,Monday,11
86514,December,11,2017,Monday,11
986574974986,December,11,2017,Monday,11
stty,December,11,2017,Monday,11
December,11,2017,Monday,11
3,December,11,2017,Monday,11
,December,11,2017,Monday,13
,December,11,2017,Monday,13
[4~,December,12,2017,Tuesday,10
1,December,12,2017,Tuesday,10
,December,12,2017,Tuesday,10
6,December,12,2017,Tuesday,11
1,December,12,2017,Tuesday,11
1,December,12,2017,Tuesday,12
December,12,2017,Tuesday,12
December,12,2017,Tuesday,12
1,December,12,2017,Tuesday,12
6,December,12,2017,Tuesday,12
1,December,12,2017,Tuesday,12
1,December,12,2017,Tuesday,13
1,December,13,2017,Wednesday,10
6,December,13,2017,Wednesday,11
6,December,13,2017,Wednesday,11
4,December,14,2017,Thursday,14
5,December,14,2017,Thursday,14
3,December,15,2017,Friday,10
6,December,15,2017,Friday,10
2,December,16,2017,Saturday,13
6,December,16,2017,Saturday,14
6,December,16,2017,Saturday,14
6,December,18,2017,Monday,13
1,December,18,2017,Monday,13
6,December,19,2017,Tuesday,12
6,December,19,2017,Tuesday,12
1,December,19,2017,Tuesday,12
6,January,11,2018,Thursday,13
1,January,19,2018,Friday,16
1,January,19,2018,Friday,16
1,January,19,2018,Friday,16
1,January,19,2018,Friday,16
1,January,19,2018,Friday,16
1,January,19,2018,Friday,16
5,January,22,2018,Monday,10
1,January,22,2018,Monday,11
5,January,22,2018,Monday,11
1,January,22,2018,Monday,12
1,January,22,2018,Monday,12
5,January,22,2018,Monday,13
5,January,22,2018,Monday,13
2,January,22,2018,Monday,14
5,January,22,2018,Monday,14
6,January,22,2018,Monday,16
2,January,22,2018,Monday,17
1,January,23,2018,Tuesday,09
4,January,23,2018,Tuesday,10
5,January,23,2018,Tuesday,12
1,January,23,2018,Tuesday,12
1,January,23,2018,Tuesday,12
1,January,23,2018,Tuesday,13
1,January,23,2018,Tuesday,13
4,January,23,2018,Tuesday,15
4,January,23,2018,Tuesday,15
1,January,23,2018,Tuesday,15
1,January,23,2018,Tuesday,15
1,January,23,2018,Tuesday,15
2,January,23,2018,Tuesday,15
7,January,23,2018,Tuesday,15
2,January,23,2018,Tuesday,16
3,January,24,2018,Wednesday,10
2,January,24,2018,Wednesday,11
4,January,24,2018,Wednesday,14
1,January,24,2018,Wednesday,14
1,January,24,2018,Wednesday,14
6,January,24,2018,Wednesday,17
3,January,25,2018,Thursday,10
4,January,25,2018,Thursday,10
1,January,25,2018,Thursday,10
6,January,25,2018,Thursday,11
2,January,25,2018,Thursday,11
4,January,25,2018,Thursday,12
4,January,25,2018,Thursday,12
4,January,25,2018,Thursday,12
1,January,25,2018,Thursday,12
4,January,25,2018,Thursday,12
5,January,25,2018,Thursday,13
2,January,25,2018,Thursday,13
4,January,25,2018,Thursday,13
6,January,25,2018,Thursday,15
4,January,25,2018,Thursday,15
1,January,25,2018,Thursday,15
1,January,25,2018,Thursday,15
4,January,25,2018,Thursday,16
2,January,25,2018,Thursday,16
1,January,25,2018,Thursday,17
4,January,25,2018,Thursday,17
1,January,26,2018,Friday,11
1,January,26,2018,Friday,11
5,January,26,2018,Friday,11
6,January,26,2018,Friday,11
5,January,26,2018,Friday,11
6,January,26,2018,Friday,11
6,January,29,2018,Monday,10
3,January,29,2018,Monday,10
1,January,29,2018,Monday,11
5,January,29,2018,Monday,12
1,January,29,2018,Monday,13
6,January,29,2018,Monday,13
1,January,29,2018,Monday,13
1,January,29,2018,Monday,13
3,January,29,2018,Monday,15
1,January,30,2018,Tuesday,11
1,January,30,2018,Tuesday,11
1,January,30,2018,Tuesday,13
1,January,30,2018,Tuesday,13
1,January,30,2018,Tuesday,14
4,January,30,2018,Tuesday,15
4,January,31,2018,Wednesday,12
1,January,31,2018,Wednesday,13
1,January,31,2018,Wednesday,15
3,January,31,2018,Wednesday,17
4,January,31,2018,Wednesday,17
6,January,31,2018,Wednesday,17
6,January,31,2018,Wednesday,17
6,January,31,2018,Wednesday,17
6,January,31,2018,Wednesday,17
6,January,31,2018,Wednesday,17
1,February,01,2018,Thursday,11
1,February,01,2018,Thursday,12
6,February,01,2018,Thursday,12
4,February,01,2018,Thursday,12
4,February,01,2018,Thursday,12
3,February,01,2018,Thursday,16
6,February,01,2018,Thursday,16
6,February,02,2018,Friday,10
3,February,02,2018,Friday,11
1,February,02,2018,Friday,11
1,February,02,2018,Friday,12
1,February,02,2018,Friday,12
6,February,02,2018,Friday,13
2,February,02,2018,Friday,13
1,February,02,2018,Friday,14
1,February,02,2018,Friday,15
2,February,03,2018,Saturday,12
2,February,03,2018,Saturday,12
2,February,03,2018,Saturday,12
1,February,05,2018,Monday,10
1,February,05,2018,Monday,11
1,February,05,2018,Monday,11
1,February,05,2018,Monday,12
4,February,05,2018,Monday,14
1,February,05,2018,Monday,15
1,February,06,2018,Tuesday,09
5,February,06,2018,Tuesday,11
1,February,06,2018,Tuesday,11
1,February,06,2018,Tuesday,12
4,February,06,2018,Tuesday,13
1,February,06,2018,Tuesday,13
2,February,06,2018,Tuesday,13
4,February,06,2018,Tuesday,15
1,February,07,2018,Wednesday,11
1,February,07,2018,Wednesday,11
1,February,07,2018,Wednesday,13
1,February,07,2018,Wednesday,14
1,February,07,2018,Wednesday,14
1,February,07,2018,Wednesday,15
1,February,08,2018,Thursday,10
1,February,12,2018,Monday,11
1,February,12,2018,Monday,11
5,February,12,2018,Monday,12
6,February,12,2018,Monday,13
4,February,12,2018,Monday,14
1,February,12,2018,Monday,14
3,February,12,2018,Monday,15
1,February,12,2018,Monday,16
3,February,12,2018,Monday,16
2,February,13,2018,Tuesday,12
4,February,13,2018,Tuesday,13
3,February,13,2018,Tuesday,16
4,February,13,2018,Tuesday,16
6,February,14,2018,Wednesday,09
6,February,14,2018,Wednesday,09
6,February,14,2018,Wednesday,10
5,February,14,2018,Wednesday,13
6,February,14,2018,Wednesday,17
6,February,14,2018,Wednesday,17
6,February,14,2018,Wednesday,17
6,February,14,2018,Wednesday,17
4,February,14,2018,Wednesday,17
4,February,15,2018,Thursday,16
1,February,16,2018,Friday,11
3,February,16,2018,Friday,11
4,February,16,2018,Friday,11
1,February,16,2018,Friday,11
6,February,16,2018,Friday,11
7,February,16,2018,Friday,11
1,February,16,2018,Friday,11
6,February,16,2018,Friday,12
4,February,17,2018,Saturday,11
3,February,17,2018,Saturday,11
2,February,17,2018,Saturday,12
4,February,19,2018,Monday,10
7,February,19,2018,Monday,10
1,February,19,2018,Monday,11
1,February,19,2018,Monday,13
3,February,19,2018,Monday,14
6,February,19,2018,Monday,16
1,February,20,2018,Tuesday,09
5,February,20,2018,Tuesday,13
1,February,20,2018,Tuesday,13
4,February,20,2018,Tuesday,13
1,February,20,2018,Tuesday,15
2,February,20,2018,Tuesday,15
1,February,20,2018,Tuesday,15
2,February,20,2018,Tuesday,16
6,February,20,2018,Tuesday,17
1,February,21,2018,Wednesday,14
1,February,22,2018,Thursday,10
1,February,22,2018,Thursday,11
6,February,22,2018,Thursday,11
1,February,22,2018,Thursday,12
1,February,22,2018,Thursday,12
3,February,22,2018,Thursday,12
1,February,22,2018,Thursday,12
6,February,22,2018,Thursday,14
1,February,22,2018,Thursday,15
2,February,22,2018,Thursday,17
4,February,23,2018,Friday,11
1,February,23,2018,Friday,11
6,February,23,2018,Friday,11
1,February,23,2018,Friday,11
7,February,23,2018,Friday,12
3,February,24,2018,Saturday,11
1,February,26,2018,Monday,11
1,February,26,2018,Monday,11
1,February,26,2018,Monday,13
2,February,26,2018,Monday,14
4,February,26,2018,Monday,17
1,February,27,2018,Tuesday,11
1,February,27,2018,Tuesday,13
1,February,27,2018,Tuesday,13
1,February,27,2018,Tuesday,13
1,February,27,2018,Tuesday,14
4,February,27,2018,Tuesday,14
3,February,27,2018,Tuesday,17
3,February,28,2018,Wednesday,11
1,February,28,2018,Wednesday,12
1,February,28,2018,Wednesday,12
1,February,28,2018,Wednesday,13
1,February,28,2018,Wednesday,13
2,February,28,2018,Wednesday,15
6,February,28,2018,Wednesday,16
6,February,28,2018,Wednesday,16
1,February,28,2018,Wednesday,16
7,February,28,2018,Wednesday,17
7,February,28,2018,Wednesday,17
1,March,01,2018,Thursday,11
6,March,01,2018,Thursday,13
1,March,02,2018,Friday,11
6,March,02,2018,Friday,12
1,March,02,2018,Friday,12
1,March,02,2018,Friday,12
1,March,02,2018,Friday,12
1,March,02,2018,Friday,12
3,March,02,2018,Friday,12
1,March,02,2018,Friday,12
6,March,02,2018,Friday,12
5,March,05,2018,Monday,11
5,March,05,2018,Monday,11
1,March,05,2018,Monday,11
4,March,05,2018,Monday,15
6,March,05,2018,Monday,16
7,March,05,2018,Monday,17
3,March,06,2018,Tuesday,12
1,March,06,2018,Tuesday,14
6,March,06,2018,Tuesday,15
4,March,06,2018,Tuesday,17
3,March,07,2018,Wednesday,11
1,March,07,2018,Wednesday,11
1,March,07,2018,Wednesday,14
1,March,07,2018,Wednesday,15
4,March,08,2018,Thursday,11
4,March,08,2018,Thursday,11
6,March,08,2018,Thursday,11
6,March,08,2018,Thursday,11
6,March,08,2018,Thursday,11
6,March,08,2018,Thursday,12
6,March,08,2018,Thursday,12
3,March,08,2018,Thursday,12
6,March,08,2018,Thursday,15
1,March,19,2018,Monday,11
1,March,19,2018,Monday,11
1,March,19,2018,Monday,11
1,March,19,2018,Monday,12
1,March,19,2018,Monday,13
6,March,19,2018,Monday,16
2,March,19,2018,Monday,17
1,March,20,2018,Tuesday,10
2,March,20,2018,Tuesday,12
1,March,20,2018,Tuesday,13
6,March,20,2018,Tuesday,15
2,March,20,2018,Tuesday,16
1,March,21,2018,Wednesday,11
2,March,21,2018,Wednesday,13
1,March,21,2018,Wednesday,14
1,March,21,2018,Wednesday,14
6,March,21,2018,Wednesday,16
3,March,21,2018,Wednesday,17
2,March,22,2018,Thursday,11
1,March,22,2018,Thursday,13
3,March,22,2018,Thursday,13
4,March,22,2018,Thursday,16
1,March,23,2018,Friday,11
1,March,23,2018,Friday,13
3,March,26,2018,Monday,10
1,March,26,2018,Monday,12
1,March,26,2018,Monday,14
2,March,26,2018,Monday,16
2,March,27,2018,Tuesday,13
2,March,27,2018,Tuesday,13
1,March,27,2018,Tuesday,13
1,March,27,2018,Tuesday,13
1,March,27,2018,Tuesday,13
6,March,27,2018,Tuesday,14
1,March,28,2018,Wednesday,14
6,March,28,2018,Wednesday,16
2,March,29,2018,Thursday,13
3,March,29,2018,Thursday,13
1,March,29,2018,Thursday,14
4,March,29,2018,Thursday,15
2,April,02,2018,Monday,13
2,April,02,2018,Monday,14
4,April,02,2018,Monday,16
4,April,02,2018,Monday,16
2,April,03,2018,Tuesday,14
2,April,03,2018,Tuesday,14
6,April,03,2018,Tuesday,16
2,April,03,2018,Tuesday,17
7,April,03,2018,Tuesday,18
2,April,04,2018,Wednesday,11
2,April,04,2018,Wednesday,11
2,April,04,2018,Wednesday,11
7,April,04,2018,Wednesday,11
2,April,04,2018,Wednesday,12
2,April,04,2018,Wednesday,12
2,April,04,2018,Wednesday,17
7,April,04,2018,Wednesday,17
6,April,06,2018,Friday,09
1,April,06,2018,Friday,11
3,April,06,2018,Friday,11
1,April,07,2018,Saturday,10
3,April,09,2018,Monday,11
6,April,09,2018,Monday,11
1,April,09,2018,Monday,11
2,April,09,2018,Monday,11
6,April,09,2018,Monday,16
2,April,10,2018,Tuesday,15
6,April,10,2018,Tuesday,17
2,April,10,2018,Tuesday,17
2,April,10,2018,Tuesday,17
1,April,10,2018,Tuesday,17
1,April,11,2018,Wednesday,11
4,April,11,2018,Wednesday,12
3,April,11,2018,Wednesday,14
6,April,14,2018,Saturday,09
3,April,14,2018,Saturday,11
2,April,14,2018,Saturday,11
1,April,16,2018,Monday,10
3,April,17,2018,Tuesday,09
3,April,17,2018,Tuesday,09
3,April,17,2018,Tuesday,09
2,April,17,2018,Tuesday,11
1,April,17,2018,Tuesday,12
2,April,17,2018,Tuesday,12
3,April,17,2018,Tuesday,12
4,April,17,2018,Tuesday,16
4,April,17,2018,Tuesday,16
4,April,17,2018,Tuesday,16
3,April,17,2018,Tuesday,16
6,April,17,2018,Tuesday,17
1,April,18,2018,Wednesday,10
6,April,18,2018,Wednesday,12
3,April,19,2018,Thursday,12
6,April,20,2018,Friday,10
6,April,23,2018,Monday,11
6,April,23,2018,Monday,15
6,April,24,2018,Tuesday,09
6,April,25,2018,Wednesday,09
1,April,25,2018,Wednesday,10
4,April,25,2018,Wednesday,11
1,April,25,2018,Wednesday,14
3,April,30,2018,Monday,10
3,April,30,2018,Monday,11
3,April,30,2018,Monday,11
4,April,30,2018,Monday,11
3,April,30,2018,Monday,11
6,April,30,2018,Monday,13
2,May,07,2018,Monday,08
5,May,07,2018,Monday,08
6,May,12,2018,Saturday,22
7,May,12,2018,Saturday,22
