5,December,11,Monday,11
exit,December,11,Monday,11
7,December,11,Monday,11
8,December,11,Monday,11
what,is,this,all,about,December,11,Monday,11
0,December,11,Monday,11
999,December,11,Monday,11
^12,December,11,Monday,11
,December,11,Monday,11
December,11,Monday,11
+864,December,11,Monday,11
6543654365486436514,December,11,Monday,11
3654,December,11,Monday,11
86514,December,11,Monday,11
986574974986,December,11,Monday,11
stty,December,11,Monday,11
December,11,Monday,11
3,December,11,Monday,11
,December,11,Monday,13
,December,11,Monday,13
