3,January,25,Thursday,10
4,January,25,Thursday,10
1,January,25,Thursday,10
6,January,25,Thursday,11
2,January,25,Thursday,11
4,January,25,Thursday,12
4,January,25,Thursday,12
4,January,25,Thursday,12
1,January,25,Thursday,12
4,January,25,Thursday,12
5,January,25,Thursday,13
2,January,25,Thursday,13
4,January,25,Thursday,13
6,January,25,Thursday,15
4,January,25,Thursday,15
1,January,25,Thursday,15
1,January,25,Thursday,15
4,January,25,Thursday,16
2,January,25,Thursday,16
1,January,25,Thursday,17
4,January,25,Thursday,17
